Image_ID,Predicted_Label
0001.jpg,1
0002.jpg,0
0003.jpg,0
0004.jpg,0
0005.jpg,0
0006.jpg,1
0007.jpg,0
0008.jpg,0
0009.jpg,0
0010.jpg,1
0011.jpg,0
0012.jpg,1
0013.jpg,0
0014.jpg,0
0015.jpg,0
0016.jpg,0
0017.jpg,1
0018.jpg,1
0019.jpg,0
0020.jpg,0
0021.jpg,1
0022.jpg,0
0023.jpg,0
0024.jpg,1
0025.jpg,1
0026.jpg,0
0027.jpg,0
0028.jpg,1
0029.jpg,1
0030.jpg,0
0031.jpg,1
0032.jpg,0
0033.jpg,0
0034.jpg,0
0035.jpg,1
0036.jpg,0
0037.jpg,0
0038.jpg,1
0039.jpg,1
0040.jpg,0
0041.jpg,0
0042.jpg,0
0043.jpg,0
0044.jpg,0
0045.jpg,0
0046.jpg,0
0047.jpg,0
0048.jpg,0
0049.jpg,0
0050.jpg,0
0051.jpg,1
0052.jpg,0
0053.jpg,0
0054.jpg,0
0055.jpg,0
0056.jpg,0
0057.jpg,1
0058.jpg,1
0059.jpg,1
0060.jpg,0
0061.jpg,0
0062.jpg,0
0063.jpg,1
0064.jpg,0
0065.jpg,0
0066.jpg,0
0067.jpg,0
0068.jpg,0
0069.jpg,0
0070.jpg,0
0071.jpg,0
0072.jpg,0
0073.jpg,0
0074.jpg,1
0075.jpg,0
0076.jpg,0
0077.jpg,0
0078.jpg,0
0079.jpg,0
0080.jpg,0
0081.jpg,0
0082.jpg,0
0083.jpg,1
0084.jpg,0
0085.jpg,0
0086.jpg,0
0087.jpg,1
0088.jpg,0
0089.jpg,1
0090.jpg,0
0091.jpg,0
0092.jpg,1
0093.jpg,1
0094.jpg,0
0095.jpg,1
0096.jpg,0
0097.jpg,0
0098.jpg,0
0099.jpg,0
0100.jpg,0
0101.jpg,1
0102.jpg,0
0103.jpg,0
0104.jpg,0
0105.jpg,1
0106.jpg,0
0107.jpg,1
0108.jpg,1
0109.jpg,1
0110.jpg,0
0111.jpg,0
0112.jpg,0
0113.jpg,0
0114.jpg,0
0115.jpg,0
0116.jpg,1
0117.jpg,1
0118.jpg,0
0119.jpg,1
0120.jpg,1
0121.jpg,0
0122.jpg,1
0123.jpg,1
0124.jpg,0
0125.jpg,1
0126.jpg,1
0127.jpg,0
0128.jpg,0
0129.jpg,0
0130.jpg,0
0131.jpg,0
0132.jpg,0
0133.jpg,0
0134.jpg,0
0135.jpg,0
0136.jpg,0
0137.jpg,0
0138.jpg,1
0139.jpg,0
0140.jpg,0
0141.jpg,0
0142.jpg,0
0143.jpg,0
0144.jpg,0
0145.jpg,1
0146.jpg,0
0147.jpg,0
0148.jpg,0
0149.jpg,0
0150.jpg,0
0151.jpg,1
0152.jpg,1
0153.jpg,0
0154.jpg,0
0155.jpg,1
0156.jpg,0
0157.jpg,0
0158.jpg,0
0159.jpg,0
0160.jpg,1
0161.jpg,1
0162.jpg,0
0163.jpg,0
0164.jpg,1
0165.jpg,0
0166.jpg,0
0167.jpg,1
0168.jpg,0
0169.jpg,0
0170.jpg,0
0171.jpg,0
0172.jpg,1
0173.jpg,0
0174.jpg,1
0175.jpg,0
0176.jpg,0
0177.jpg,0
0178.jpg,0
0179.jpg,0
0180.jpg,1
0181.jpg,1
0182.jpg,0
0183.jpg,1
0184.jpg,0
0185.jpg,1
0186.jpg,0
0187.jpg,0
0188.jpg,0
0189.jpg,0
0190.jpg,0
0191.jpg,0
0192.jpg,1
0193.jpg,0
0194.jpg,1
0195.jpg,0
0196.jpg,0
0197.jpg,1
0198.jpg,0
0199.jpg,0
0200.jpg,0
0201.jpg,0
0202.jpg,0
0203.jpg,0
0204.jpg,0
0205.jpg,1
0206.jpg,0
0207.jpg,1
0208.jpg,0
0209.jpg,0
0210.jpg,0
0211.jpg,0
0212.jpg,0
0213.jpg,0
0214.jpg,0
0215.jpg,1
0216.jpg,1
0217.jpg,1
0218.jpg,0
0219.jpg,0
0220.jpg,1
0221.jpg,0
0222.jpg,0
0223.jpg,1
0224.jpg,1
0225.jpg,0
0226.jpg,0
0227.jpg,1
0228.jpg,0
0229.jpg,0
0230.jpg,0
0231.jpg,0
0232.jpg,0
0233.jpg,0
0234.jpg,0
0235.jpg,1
0236.jpg,0
0237.jpg,1
0238.jpg,0
0239.jpg,1
0240.jpg,0
0241.jpg,0
0242.jpg,0
0243.jpg,0
0244.jpg,1
0245.jpg,1
0246.jpg,1
0247.jpg,0
0248.jpg,1
0249.jpg,1
0250.jpg,0
0251.jpg,0
0252.jpg,0
0253.jpg,0
0254.jpg,1
0255.jpg,0
0256.jpg,1
0257.jpg,1
0258.jpg,1
0259.jpg,1
0260.jpg,0
0261.jpg,1
0262.jpg,0
0263.jpg,0
0264.jpg,1
0265.jpg,1
0266.jpg,1
0267.jpg,0
0268.jpg,0
0269.jpg,1
0270.jpg,1
0271.jpg,1
0272.jpg,0
0273.jpg,0
0274.jpg,1
0275.jpg,0
0276.jpg,0
0277.jpg,0
0278.jpg,0
0279.jpg,0
0280.jpg,1
0281.jpg,0
0282.jpg,0
0283.jpg,1
0284.jpg,1
0285.jpg,0
0286.jpg,0
0287.jpg,0
0288.jpg,0
0289.jpg,0
0290.jpg,0
0291.jpg,1
0292.jpg,0
0293.jpg,0
0294.jpg,0
0295.jpg,0
0296.jpg,0
0297.jpg,0
0298.jpg,0
0299.jpg,0
0300.jpg,0
0301.jpg,0
0302.jpg,0
0303.jpg,0
0304.jpg,0
0305.jpg,0
0306.jpg,0
0307.jpg,1
0308.jpg,0
0309.jpg,1
0310.jpg,0
0311.jpg,0
0312.jpg,0
0313.jpg,0
0314.jpg,1
0315.jpg,0
0316.jpg,0
0317.jpg,1
0318.jpg,0
0319.jpg,1
0320.jpg,0
0321.jpg,0
0322.jpg,0
0323.jpg,1
0324.jpg,1
0325.jpg,1
0326.jpg,0
0327.jpg,1
0328.jpg,1
0329.jpg,0
0330.jpg,0
0331.jpg,0
0332.jpg,0
0333.jpg,0
0334.jpg,1
0335.jpg,0
0336.jpg,0
0337.jpg,0
0338.jpg,1
0339.jpg,1
0340.jpg,0
0341.jpg,0
0342.jpg,0
0343.jpg,0
0344.jpg,1
0345.jpg,0
0346.jpg,1
0347.jpg,1
0348.jpg,0
0349.jpg,1
0350.jpg,0
0351.jpg,0
0352.jpg,0
0353.jpg,0
0354.jpg,1
0355.jpg,1
0356.jpg,1
0357.jpg,1
0358.jpg,0
0359.jpg,1
0360.jpg,1
0361.jpg,0
0362.jpg,0
0363.jpg,1
0364.jpg,0
0365.jpg,0
0366.jpg,0
0367.jpg,0
0368.jpg,0
0369.jpg,0
0370.jpg,0
0371.jpg,1
0372.jpg,0
0373.jpg,0
0374.jpg,0
0375.jpg,0
0376.jpg,0
0377.jpg,0
0378.jpg,0
0379.jpg,0
0380.jpg,0
0381.jpg,1
0382.jpg,1
0383.jpg,0
0384.jpg,0
0385.jpg,0
0386.jpg,0
0387.jpg,1
0388.jpg,0
0389.jpg,1
0390.jpg,0
0391.jpg,0
0392.jpg,1
0393.jpg,0
0394.jpg,0
0395.jpg,0
0396.jpg,1
0397.jpg,0
0398.jpg,0
0399.jpg,0
0400.jpg,0
0401.jpg,0
0402.jpg,0
0403.jpg,1
0404.jpg,0
0405.jpg,1
0406.jpg,0
0407.jpg,1
0408.jpg,0
0409.jpg,0
0410.jpg,1
0411.jpg,0
0412.jpg,0
0413.jpg,0
0414.jpg,0
0415.jpg,0
0416.jpg,0
0417.jpg,0
0418.jpg,0
0419.jpg,0
0420.jpg,0
0421.jpg,1
0422.jpg,0
0423.jpg,0
0424.jpg,0
0425.jpg,1
0426.jpg,0
0427.jpg,0
0428.jpg,0
0429.jpg,0
0430.jpg,0
0431.jpg,1
0432.jpg,0
0433.jpg,0
0434.jpg,0
0435.jpg,0
0436.jpg,0
0437.jpg,0
0438.jpg,1
0439.jpg,0
0440.jpg,0
0441.jpg,0
0442.jpg,1
0443.jpg,1
0444.jpg,1
0445.jpg,0
0446.jpg,0
0447.jpg,1
0448.jpg,0
0449.jpg,1
0450.jpg,1
0451.jpg,1
0452.jpg,0
0453.jpg,1
0454.jpg,0
0455.jpg,0
0456.jpg,0
0457.jpg,0
0458.jpg,0
0459.jpg,0
0460.jpg,1
0461.jpg,0
0462.jpg,1
0463.jpg,0
0464.jpg,1
0465.jpg,1
0466.jpg,0
0467.jpg,0
0468.jpg,0
0469.jpg,0
0470.jpg,0
0471.jpg,0
0472.jpg,0
0473.jpg,0
0474.jpg,0
0475.jpg,1
0476.jpg,1
0477.jpg,0
0478.jpg,0
0479.jpg,1
0480.jpg,0
0481.jpg,0
0482.jpg,0
0483.jpg,0
0484.jpg,1
0485.jpg,0
0486.jpg,0
0487.jpg,1
0488.jpg,0
0489.jpg,0
0490.jpg,1
0491.jpg,1
0492.jpg,1
0493.jpg,1
0494.jpg,0
0495.jpg,1
0496.jpg,0
0497.jpg,1
0498.jpg,0
0499.jpg,1
0500.jpg,0
0501.jpg,0
0502.jpg,1
0503.jpg,0
0504.jpg,0
0505.jpg,1
0506.jpg,1
0507.jpg,0
0508.jpg,0
0509.jpg,1
0510.jpg,0
0511.jpg,0
0512.jpg,0
0513.jpg,1
0514.jpg,1
0515.jpg,1
0516.jpg,0
0517.jpg,0
0518.jpg,1
0519.jpg,1
0520.jpg,1
0521.jpg,0
0522.jpg,1
0523.jpg,0
0524.jpg,0
0525.jpg,1
0526.jpg,0
0527.jpg,0
0528.jpg,1
0529.jpg,0
0530.jpg,1
0531.jpg,1
0532.jpg,0
0533.jpg,0
0534.jpg,1
0535.jpg,0
0536.jpg,0
0537.jpg,0
0538.jpg,1
0539.jpg,1
0540.jpg,0
0541.jpg,0
0542.jpg,0
0543.jpg,0
0544.jpg,0
0545.jpg,0
0546.jpg,0
0547.jpg,0
0548.jpg,0
0549.jpg,1
0550.jpg,1
0551.jpg,1
0552.jpg,0
0553.jpg,0
0554.jpg,0
0555.jpg,0
0556.jpg,0
0557.jpg,0
0558.jpg,1
0559.jpg,0
0560.jpg,0
0561.jpg,0
0562.jpg,1
0563.jpg,0
0564.jpg,0
0565.jpg,0
0566.jpg,0
0567.jpg,0
0568.jpg,0
0569.jpg,1
0570.jpg,0
0571.jpg,0
0572.jpg,0
0573.jpg,1
0574.jpg,0
0575.jpg,0
0576.jpg,0
0577.jpg,1
0578.jpg,0
0579.jpg,0
0580.jpg,0
0581.jpg,0
0582.jpg,0
0583.jpg,0
0584.jpg,0
0585.jpg,0
0586.jpg,0
0587.jpg,1
0588.jpg,1
0589.jpg,1
0590.jpg,1
0591.jpg,0
0592.jpg,0
0593.jpg,0
0594.jpg,0
0595.jpg,0
0596.jpg,1
0597.jpg,0
0598.jpg,0
0599.jpg,0
0600.jpg,0
0601.jpg,0
0602.jpg,0
0603.jpg,0
0604.jpg,1
0605.jpg,1
0606.jpg,0
0607.jpg,1
0608.jpg,0
0609.jpg,0
0610.jpg,0
0611.jpg,0
0612.jpg,0
0613.jpg,1
0614.jpg,0
0615.jpg,0
0616.jpg,1
0617.jpg,0
0618.jpg,0
0619.jpg,0
0620.jpg,1
0621.jpg,0
0622.jpg,1
0623.jpg,1
0624.jpg,0
0625.jpg,0
0626.jpg,1
0627.jpg,0
0628.jpg,0
0629.jpg,0
0630.jpg,0
0631.jpg,0
0632.jpg,1
0633.jpg,1
0634.jpg,0
0635.jpg,1
0636.jpg,1
0637.jpg,1
0638.jpg,0
0639.jpg,0
0640.jpg,0
0641.jpg,0
0642.jpg,1
0643.jpg,0
0644.jpg,0
0645.jpg,0
0646.jpg,1
0647.jpg,0
0648.jpg,0
0649.jpg,1
0650.jpg,0
0651.jpg,0
0652.jpg,0
0653.jpg,1
0654.jpg,1
0655.jpg,0
0656.jpg,0
0657.jpg,0
0658.jpg,1
0659.jpg,0
0660.jpg,0
0661.jpg,0
0662.jpg,0
0663.jpg,0
0664.jpg,1
0665.jpg,1
0666.jpg,0
0667.jpg,1
0668.jpg,1
0669.jpg,0
0670.jpg,0
0671.jpg,1
0672.jpg,0
0673.jpg,1
0674.jpg,0
0675.jpg,1
0676.jpg,0
0677.jpg,0
0678.jpg,0
0679.jpg,1
0680.jpg,1
0681.jpg,0
0682.jpg,0
0683.jpg,0
0684.jpg,0
0685.jpg,1
0686.jpg,0
0687.jpg,1
0688.jpg,1
0689.jpg,0
0690.jpg,0
0691.jpg,0
0692.jpg,0
0693.jpg,1
0694.jpg,0
0695.jpg,0
0696.jpg,0
0697.jpg,0
0698.jpg,1
0699.jpg,0
0700.jpg,0
0701.jpg,0
0702.jpg,0
0703.jpg,0
0704.jpg,0
0705.jpg,0
0706.jpg,1
0707.jpg,0
0708.jpg,0
0709.jpg,0
0710.jpg,1
0711.jpg,0
0712.jpg,1
0713.jpg,0
0714.jpg,0
0715.jpg,1
0716.jpg,0
0717.jpg,1
0718.jpg,0
0719.jpg,0
0720.jpg,0
0721.jpg,0
0722.jpg,1
0723.jpg,1
0724.jpg,0
0725.jpg,1
0726.jpg,0
0727.jpg,0
0728.jpg,0
0729.jpg,1
0730.jpg,0
0731.jpg,0
0732.jpg,1
0733.jpg,0
0734.jpg,0
0735.jpg,1
0736.jpg,0
0737.jpg,1
0738.jpg,1
0739.jpg,0
0740.jpg,0
0741.jpg,0
0742.jpg,1
0743.jpg,0
0744.jpg,0
0745.jpg,0
0746.jpg,0
0747.jpg,1
0748.jpg,0
0749.jpg,0
0750.jpg,1
0751.jpg,0
0752.jpg,0
0753.jpg,1
0754.jpg,1
0755.jpg,0
0756.jpg,0
0757.jpg,0
0758.jpg,0
0759.jpg,0
0760.jpg,1
0761.jpg,0
0762.jpg,0
0763.jpg,1
0764.jpg,0
0765.jpg,0
0766.jpg,0
0767.jpg,0
0768.jpg,0
0769.jpg,0
0770.jpg,0
0771.jpg,0
0772.jpg,0
0773.jpg,1
0774.jpg,0
0775.jpg,0
0776.jpg,1
0777.jpg,1
0778.jpg,0
0779.jpg,0
0780.jpg,0
0781.jpg,1
0782.jpg,0
0783.jpg,0
0784.jpg,0
0785.jpg,1
0786.jpg,1
0787.jpg,0
0788.jpg,0
0789.jpg,0
0790.jpg,0
0791.jpg,1
0792.jpg,0
0793.jpg,0
0794.jpg,0
0795.jpg,0
0796.jpg,0
0797.jpg,0
0798.jpg,1
0799.jpg,1
0800.jpg,0
0801.jpg,0
0802.jpg,0
0803.jpg,0
0804.jpg,0
0805.jpg,1
0806.jpg,0
0807.jpg,0
0808.jpg,0
0809.jpg,1
0810.jpg,0
0811.jpg,0
0812.jpg,0
0813.jpg,0
0814.jpg,1
0815.jpg,0
0816.jpg,1
0817.jpg,1
0818.jpg,1
0819.jpg,1
0820.jpg,0
0821.jpg,1
0822.jpg,0
0823.jpg,0
0824.jpg,0
0825.jpg,0
0826.jpg,0
0827.jpg,0
0828.jpg,0
0829.jpg,0
0830.jpg,0
0831.jpg,1
0832.jpg,0
0833.jpg,0
0834.jpg,0
0835.jpg,1
0836.jpg,1
0837.jpg,0
0838.jpg,0
0839.jpg,0
0840.jpg,0
0841.jpg,1
0842.jpg,0
0843.jpg,0
0844.jpg,0
0845.jpg,0
0846.jpg,1
0847.jpg,1
0848.jpg,0
0849.jpg,0
0850.jpg,1
0851.jpg,0
0852.jpg,0
0853.jpg,1
0854.jpg,1
0855.jpg,0
0856.jpg,0
0857.jpg,1
0858.jpg,0
0859.jpg,0
0860.jpg,0
0861.jpg,0
0862.jpg,0
0863.jpg,1
0864.jpg,1
0865.jpg,1
0866.jpg,1
0867.jpg,1
0868.jpg,1
0869.jpg,1
0870.jpg,1
0871.jpg,0
0872.jpg,0
0873.jpg,0
0874.jpg,0
0875.jpg,0
0876.jpg,1
0877.jpg,0
0878.jpg,1
0879.jpg,0
0880.jpg,0
0881.jpg,0
0882.jpg,0
0883.jpg,1
0884.jpg,0
0885.jpg,1
0886.jpg,0
0887.jpg,0
0888.jpg,1
0889.jpg,0
0890.jpg,0
0891.jpg,0
0892.jpg,0
0893.jpg,0
0894.jpg,0
0895.jpg,0
0896.jpg,0
0897.jpg,0
0898.jpg,0
0899.jpg,1
0900.jpg,0
0901.jpg,0
0902.jpg,0
0903.jpg,0
0904.jpg,0
0905.jpg,1
0906.jpg,1
0907.jpg,1
0908.jpg,0
0909.jpg,0
0910.jpg,0
0911.jpg,0
0912.jpg,0
0913.jpg,0
0914.jpg,0
0915.jpg,1
0916.jpg,1
0917.jpg,1
0918.jpg,0
0919.jpg,1
0920.jpg,0
0921.jpg,1
0922.jpg,1
0923.jpg,0
0924.jpg,1
0925.jpg,0
0926.jpg,0
0927.jpg,1
0928.jpg,1
0929.jpg,0
0930.jpg,1
0931.jpg,0
0932.jpg,1
0933.jpg,0
0934.jpg,0
0935.jpg,0
0936.jpg,0
0937.jpg,0
0938.jpg,1
0939.jpg,0
0940.jpg,0
0941.jpg,0
0942.jpg,0
0943.jpg,0
0944.jpg,1
0945.jpg,0
0946.jpg,1
0947.jpg,0
0948.jpg,0
0949.jpg,1
0950.jpg,1
0951.jpg,0
0952.jpg,0
0953.jpg,0
0954.jpg,0
0955.jpg,0
0956.jpg,1
0957.jpg,0
0958.jpg,0
0959.jpg,0
0960.jpg,0
0961.jpg,0
0962.jpg,1
0963.jpg,0
0964.jpg,0
0965.jpg,0
0966.jpg,1
0967.jpg,1
0968.jpg,0
0969.jpg,0
0970.jpg,0
0971.jpg,0
0972.jpg,0
0973.jpg,0
0974.jpg,0
0975.jpg,1
0976.jpg,0
0977.jpg,0
0978.jpg,1
0979.jpg,0
0980.jpg,1
0981.jpg,1
0982.jpg,0
0983.jpg,0
0984.jpg,0
0985.jpg,0
0986.jpg,1
0987.jpg,1
0988.jpg,0
0989.jpg,0
0990.jpg,0
0991.jpg,1
0992.jpg,0
0993.jpg,0
0994.jpg,0
0995.jpg,0
0996.jpg,0
0997.jpg,1
0998.jpg,0
0999.jpg,0
1000.jpg,0
